[
  {
      "day": 1,
      "region": "강원도",
      "city": "강릉시",
      "items": [
          {
              "name": "초당할머니순두부",
              "type": "restaurant",
              "desc": "강릉 초당동의 대표적인 순두부 맛집"
          },
          {
              "name": "삼교리동치미막국수 본점",
              "type": "restaurant",
              "desc": "시원한 동치미 국물 막국수 전문점"
          },
          {
              "name": "cafe 안목해변 안목커피거리",
              "type": "restaurant",
              "desc": "강릉 바다 보며 커피와 디저트 즐기기"
          },
          {
              "name": "경포해변",
              "type": "activity",
              "desc": "강릉의 대표 바다, 산책로와 일출 감상"
          },
          {
              "name": "오죽헌",
              "type": "activity",
              "desc": "신사임당과 율곡이이의 생가"
          },
          {
              "name": "씨마크호텔",
              "type": "accommodation",
              "desc": "강릉 바다전망의 5성급 고급호텔"
          }
      ],
      "locals": {
          "초당할머니순두부": {
              "title": "<b>초당할머니순두부</b>",
              "link": "",
              "category": "음식점>한식",
              "description": "",
              "telephone": "",
              "address": "강원특별자치도 강릉시 초당동 307-4",
              "roadAddress": "강원특별자치도 강릉시 초당순두부길 77",
              "mapx": "1289153260",
              "mapy": "377905247"
          },
          "경포해변": {
              "title": "<b>경포해변</b>",
              "link": "https://www.gn.go.kr/tour/prog/lod/Sights/S01/sub02_02_01/view.do?cid=434",
              "category": "여행,명소>해수욕장,해변",
              "description": "",
              "telephone": "",
              "address": "강원특별자치도 강릉시 강문동 산1 -1,",
              "roadAddress": "",
              "mapx": "1289082081",
              "mapy": "378054952"
          },
          "삼교리동치미막국수 본점": {
              "title": "<b>삼교리동치미막국수</b> 강릉<b>본점</b>",
              "link": "https://www.instagram.com/samgyori_dongchimi_noodle",
              "category": "한식>막국수",
              "description": "",
              "telephone": "",
              "address": "강원특별자치도 강릉시 구정면 여찬리 170",
              "roadAddress": "강원특별자치도 강릉시 구정면 범일로 364",
              "mapx": "1288822404",
              "mapy": "377213152"
          },
          "cafe 안목해변 안목커피거리": {
              "title": "강릉<b>커피</b>콩빵 강릉당 <b>안목해변</b>점",
              "link": "https://blog.naver.com/sukhoon2000",
              "category": "카페,디저트>베이커리",
              "description": "",
              "telephone": "",
              "address": "강원특별자치도 강릉시 견소동 287-43 1층",
              "roadAddress": "강원특별자치도 강릉시 창해로14번길 6 1층",
              "mapx": "1289459470",
              "mapy": "377734316"
          },
          "오죽헌": {
              "title": "<b>오죽헌</b>",
              "link": "https://www.gn.go.kr/museum/index.do",
              "category": "여행,명소>보물",
              "description": "",
              "telephone": "",
              "address": "강원특별자치도 강릉시 죽헌동 177-4 오죽헌",
              "roadAddress": "강원특별자치도 강릉시 율곡로3139번길 24 오죽헌",
              "mapx": "1288775300",
              "mapy": "377792200"
          },
          "씨마크호텔": {
              "title": "<b>씨마크호텔</b>",
              "link": "http://www.seamarqhotel.com/",
              "category": "숙박>호텔",
              "description": "",
              "telephone": "",
              "address": "강원특별자치도 강릉시 강문동 274-1 씨마크호텔",
              "roadAddress": "강원특별자치도 강릉시 해안로406번길 2 씨마크호텔",
              "mapx": "1289151714",
              "mapy": "377980351"
          }
      },
      "images": {
          "오죽헌": "https://search.pstatic.net/sunny/?type=b150&src=https://d2ur7st6jjikze.cloudfront.net/offer_photos/97902/522670_large_1597384090.jpg?1597384090",
          "씨마크호텔": "https://search.pstatic.net/sunny/?type=b150&src=https://d2uja84sd90jmv.cloudfront.net/posts/Puo3zBd3dArRrH6-K0D_LA/ms.jpg",
          "경포해변": "https://search.pstatic.net/sunny/?type=b150&src=https://thumb2.gettyimageskorea.com/image_preview/700/201506/MBNK/MHZD15000301-002.jpg",
          "초당할머니순두부": "https://search.pstatic.net/sunny/?type=b150&src=http://www.traveli.co.kr/repository/feel/contents/photo/F140926113020433.jpg",
          "cafe 안목해변 안목커피거리": "https://search.pstatic.net/sunny/?type=b150&src=https://t1.daumcdn.net/cafeattach/Uzlo/11c3c62e47275c351e109a2e4f4080bfdad699fc",
          "삼교리동치미막국수 본점": "https://search.pstatic.net/sunny/?type=b150&src=https://s3-ap-northeast-1.amazonaws.com/dcreviewsresized/20210723075505_photo1_43fa3199b99b.jpg"
      },
      "order": [
          "오죽헌",
          "씨마크호텔",
          "경포해변",
          "초당할머니순두부",
          "cafe 안목해변 안목커피거리",
          "삼교리동치미막국수 본점"
      ]
  },
  {
      "day": 2,
      "region": "강원도",
      "city": "속초시",
      "items": [
          {
              "name": "청초수물회",
              "type": "restaurant",
              "desc": "속초 바다를 보며 맛보는 시원한 물회"
          },
          {
              "name": "만석닭강정 중앙시장점",
              "type": "restaurant",
              "desc": "속초 명물 초대형 닭강정"
          },
          {
              "name": "88생선구이",
              "type": "restaurant",
              "desc": "생선구이 정식이 인기인 지역구이집"
          },
          {
              "name": "설악산케이블카",
              "type": "activity",
              "desc": "설악산을 한 눈에! 정상 전망 감상"
          },
          {
              "name": "영금정",
              "type": "activity",
              "desc": "멋진 바다 풍경과 일출 명소"
          },
          {
              "name": "라마다호텔&스위트 속초",
              "type": "accommodation",
              "desc": "동해와 설악산을 동시에 감상하는 호텔"
          }
      ],
      "locals": {
          "청초수물회": {
              "title": "<b>청초수물회</b> 속초본점",
              "link": "https://www.instagram.com/chungchosoo_official/",
              "category": "음식점>한식>해물,생선요리>생선회",
              "description": "",
              "telephone": "",
              "address": "강원특별자치도 속초시 조양동 1555-1 청초수물회 속초본점",
              "roadAddress": "강원특별자치도 속초시 엑스포로 12-36 청초수물회 속초본점",
              "mapx": "1285905385",
              "mapy": "381921462"
          },
          "88생선구이": {
              "title": "<b>88생선구이</b>",
              "link": "",
              "category": "한식>생선구이",
              "description": "",
              "telephone": "",
              "address": "강원특별자치도 속초시 중앙동 468-55",
              "roadAddress": "강원특별자치도 속초시 중앙부두길 71",
              "mapx": "1285919750",
              "mapy": "382037350"
          },
          "만석닭강정 중앙시장점": {
              "title": "<b>만석닭강정 중앙시장점</b>",
              "link": "",
              "category": "음식점>치킨,닭강정",
              "description": "",
              "telephone": "",
              "address": "강원특별자치도 속초시 중앙동 471-4",
              "roadAddress": "강원특별자치도 속초시 중앙로147번길 16",
              "mapx": "1285902344",
              "mapy": "382047589"
          },
          "설악산케이블카": {
              "title": "설악<b>케이블카</b>",
              "link": "http://www.sorakcablecar.co.kr",
              "category": "레저,테마>케이블카",
              "description": "",
              "telephone": "",
              "address": "강원특별자치도 속초시 설악동 146-2",
              "roadAddress": "강원특별자치도 속초시 설악산로 1085",
              "mapx": "1284891317",
              "mapy": "381730493"
          },
          "영금정": {
              "title": "<b>영금정</b>",
              "link": "",
              "category": "여행,명소>문화,유적",
              "description": "",
              "telephone": "",
              "address": "강원특별자치도 속초시 동명동 1-185",
              "roadAddress": "강원특별자치도 속초시 영금정로 43",
              "mapx": "1286015368",
              "mapy": "382118321"
          },
          "라마다호텔&스위트 속초": {
              "title": "<b>라마다</b> 속초 <b>호텔</b>",
              "link": "https://www.ramadasc.co.kr/view/index.do",
              "category": "숙박>호텔",
              "description": "",
              "telephone": "",
              "address": "강원특별자치도 속초시 대포동 939",
              "roadAddress": "강원특별자치도 속초시 대포항희망길 106",
              "mapx": "1286102606",
              "mapy": "381742556"
          }
      },
      "images": {
          "청초수물회": "https://search.pstatic.net/sunny/?type=b150&src=https://i.pinimg.com/originals/90/73/c6/9073c69724b216324b1979ec3646c312.jpg",
          "만석닭강정 중앙시장점": "https://search.pstatic.net/sunny/?type=b150&src=https://i.pinimg.com/736x/d3/9d/77/d39d7782daeaf1306120bef9bc7bf8a0.jpg",
          "영금정": "https://search.pstatic.net/sunny/?type=b150&src=https://cdn.crowdpic.net/detail-thumb/thumb_d_B4D7E27E21332889A7E78D206B70C4C1.jpg",
          "88생선구이": "https://search.pstatic.net/sunny/?type=b150&src=https://i.pinimg.com/736x/44/9e/87/449e87cb1c2e80e5a4a1ba46580e4288.jpg",
          "설악산케이블카": "https://search.pstatic.net/sunny/?type=b150&src=https://tong.visitkorea.or.kr/cms/resource/21/2733321_image2_1.jpg",
          "라마다호텔&스위트 속초": "https://search.pstatic.net/sunny/?type=b150&src=https://file.newswire.co.kr/data/datafile2/thumb_640/2022/07/3543547202_20220705171929_6481136249.jpg"
      },
      "order": [
          "청초수물회",
          "만석닭강정 중앙시장점",
          "영금정",
          "88생선구이",
          "설악산케이블카",
          "라마다호텔&스위트 속초"
      ]
  },
  {
      "day": 3,
      "region": "강원도",
      "city": "양양군",
      "items": [
          {
              "name": "송이버섯마을식당",
              "type": "restaurant",
              "desc": "양양 자연송이로 만든 특별한 한상"
          },
          {
              "name": "서피비치",
              "type": "activity",
              "desc": "서핑과 비치활동, 사진찍기 좋은 포토스팟"
          },
          {
              "name": "낙산사",
              "type": "activity",
              "desc": "전망좋은 동해 절경과 사찰 관람"
          },
          {
              "name": "죽도암",
              "type": "activity",
              "desc": "해안옆 기암괴석과 산책로로 유명한 명소"
          }
      ],
      "locals": {
          "서피비치": {
              "title": "<b>서피비치</b>",
              "link": "http://www.surfyy.com",
              "category": "스포츠,오락>서핑,윈드서핑",
              "description": "",
              "telephone": "",
              "address": "강원특별자치도 양양군 현북면 중광정리 508",
              "roadAddress": "강원특별자치도 양양군 현북면 하조대해안길 119",
              "mapx": "1287175896",
              "mapy": "380280602"
          },
          "낙산사": {
              "title": "<b>낙산사</b>",
              "link": "http://www.naksansa.or.kr/web/home.php",
              "category": "불교>절,사찰",
              "description": "",
              "telephone": "",
              "address": "강원특별자치도 양양군 강현면 전진리 57-1",
              "roadAddress": "강원특별자치도 양양군 강현면 낙산사로 100",
              "mapx": "1286285213",
              "mapy": "381265937"
          },
          "죽도암": {
              "title": "<b>죽도암</b>",
              "link": "",
              "category": "불교>절,사찰",
              "description": "",
              "telephone": "",
              "address": "강원특별자치도 양양군 현남면 인구리 1-17",
              "roadAddress": "강원특별자치도 양양군 현남면 인구항길 24",
              "mapx": "1287638130",
              "mapy": "379721600"
          },
          "송이버섯마을식당": {
              "title": "<b>송이버섯마을</b>",
              "link": "http://www.송이버섯마을.한국",
              "category": "음식점>한식",
              "description": "",
              "telephone": "",
              "address": "강원특별자치도 양양군 양양읍 월리 339-3",
              "roadAddress": "강원특별자치도 양양군 양양읍 남대천로 55-20",
              "mapx": "1286209132",
              "mapy": "380650501"
          }
      },
      "images": {
          "서피비치": "https://search.pstatic.net/sunny/?type=b150&src=https://tong.visitkorea.or.kr/cms/resource/15/2356915_image2_1.jpg",
          "낙산사": "https://search.pstatic.net/sunny/?type=b150&src=https://r1.community.samsung.com/t5/image/serverpage/image-id/2931946iEE0866A73612C91D?v=v2",
          "송이버섯마을식당": "https://search.pstatic.net/sunny/?type=b150&src=http://www.traveli.co.kr/repository/read/contents/K20150528135051549.jpg",
          "죽도암": "https://search.pstatic.net/sunny/?type=b150&src=http://img.ezmember.co.kr/cache/board/2013/03/20/9320c45ee6c4667e7364cb97470e416c.jpg"
      },
      "order": [
          "서피비치",
          "낙산사",
          "송이버섯마을식당",
          "죽도암"
      ]
  }
]